Covid-19 delayed Indian exercise\, Chinese moved into key positions
India set to re-enter UN Security Council
A stalemate favours India\, exposes Chinese limits
NIC portals may be tapped for parliament session
Overseas borrowings to get more expensive after downgrade: Barclays
OMCs invite fresh bids for ethanol procurement
Make in Odisha 2020 still on track\, says government
Banks seek RBI nod to recast Rs 3 lakh crore loans minus downgrade
Loan apps turn nightmare for borrowers
BJP fields an extra candidate each in Gujarat\, MP\, Rajasthan
World Bank exhorts nations to focus on wealth\, after health
Maharashtra asked to allow more flights\, state keen to wait a it longer
To avoid ratings cut\, ITNL did not list ₹2\,570 cr loans as contingency liabilities: Audit Report
ReNew Power nears ₹1\,500 cr deal with Ayana Renewable
Flipkart investor’s stake sale a bid to avoid tax: Authority of Advance Ruling
State discoms end Force Majeure period\, restart power purchases
Social media rhetoric against Chinese goods may be a nonstarter
Mitron TV app pulled from Google Play Store
Talks underway to privatise some public sector banks
LIC’s portfolio value declines by over Rs 1.7 lakh crore in Q4
Street ups bets on consumer\, bank and telecom futures
Stocks in the news: RIL\, BPCL\, IndiGo\, Lupin\, Dixon Tech\, HUL\, YES Bank and Aurobindo Pharma
View: Moody's downgrading of India's credit ratings has its own bias
BankBazaar raises Rs 45 crore in ongoing funding round led by WSV
Board Meetings Today: BPCL\, Aurobindo Pharma\, MAS Financial and Dishman Carbogen
SBI gives Rs 3\,000 crore to MSMEs in a day
India must join RCEP: Arvind Panagariya
Financial services entities seek setting up of a bad bank
Needs to focus on productivity\, boost demand via infra spend: India Inc CEOs
SGX Nifty up 40 points; here's what changed for market while you were sleeping
Govt eyes $17 billion investment proposals to boost local manufacturing
Cyclone to hit Alibaug today\, flood Mumbai's low-lying areas
Top 5 IT cos cut hiring as AI\, automation take root
Baby on board: Asus India boss likes to work with his 8-month-old by his side
Foxconn\, Oppo\, others may go for 41k-cr PLI sops
A Quess fix to the labour crisis
DII equity holdings touch multi-quarter high in Jan-March
Jugaad yields low-cost locust repellants
Add Lupin\, target price Rs 890: Centrum
Add MCX\, target price Rs 1\,330: HDFC Securities
Dating app Grindr to remove ethnicity filter to support Black Lives Matter movement
Many companies reluctant to project Covid hit despite Sebi nudge
Pepsi signs on man-of-the-moment Sonu Sood for Instagram campaign
Govt plans survey in worst-hit Mumbai\, Delhi & Ahmedabad
HUL sees revival in demand for hair\, skin care products
Macleods' HCQ use for staff raises questions
Uber’s Ex-CTO reflects on a rift with Travis Kalanick and how to fix autonomous cars
Half of charitable beds found vacant in 4 Mumbai hospitals
Stock Ideas: IDFC Securities has outperform call on Kaveri Seed\, target price Rs 579
Mukesh Ambani nears deal with top sovereign funds from Middle East for Jio
Global markets jump to 3-month high as recovery hopes outweigh looming risks
Hot beverages help Indians keep cool in Covid summer
No Chinese supply threat for drug companies\, but scaling Great Wall is tough
Oil hits three-month high over hopes for output cuts
Zoom transforms hype into huge jump in sales\, customers
Airlines safest mode of travel\, virus does not re-circulate in airbus aircraft: IndiGo CEO
PGIM India MF starts daily disclosure of short maturity debt portfolios
IndiGo moves fast to save on costs with business expected to be slow
Trending stocks: Reliance Industries shares up over 1%
Trending stocks: Vodafone Idea shares surge over 10%
Trending stocks: YES Bank shares rise nearly 1% in early trade
India Covid numbers continue to surge\, case count reaches 2\,07\,615
Emergency Credit Line Guarantee Scheme: From eligibility to interest rate\, everything about Government's Rs 3-lakh crore collateral free loan
Credai writes to Bengal CM for real estate bailout
Buy Kaveri Seed Company\, target price Rs 700: IIFL
Trending stocks: SBI shares gain nearly 2% in early session
Gold rate slips below Rs 47\,000 on profit-booking
Trending stocks: HDFC shares rise over 1% in early trade
Am I investing in the right mutual funds for my retirement?
Trending stocks: IRCTC shares flat in early session
Trending stocks: Tata Motors shares climb over 3%
COVID-19: Members fear quarantine upon return from Parliament panel meet
Trending stocks: ICICI Bank share price rises nearly 4%
Hold NCC\, target price Rs 27: ICICI Direct
Sensex rises 500 points on ease in lockdown measures\, firm global cues; Nifty tops 10\,100
InterGlobe Aviation Ltd. shares gain 8.84% as Sensex rises
Trending stocks: IndusInd Bank shares up over 1%
Share price of Shriram Transport Finance Company Ltd. rises as Nifty strengthens
Trending stocks: Vedanta shares gain nearly 1%
Two investment options offering more than 7% for senior citizens
Cyclone Nisarga: Akshay Kumar urges Mumbaikars shares BMC guidelines\, Priyanka\, Madhuri urge people to stay indoors
Trending stocks: SBI Card shares climb nearly 3%
India not alone to get Moody’s downgrade tag
Bajaj Holdings & Investment Ltd. shares gain 5.64% as Sensex rises
Trending stocks: Aurobindo Pharma shares up nearly 2%
Cognizant to pay $5.7 million in class-action suit
HDFC Life Insurance Company Ltd. shares up 2.32% as Nifty gains
Infosys had 74 crorepatis in 2020 fiscal\, no promotion for leaders
Trending stocks: BPCL shares gain 1% ahead of Q4 earnings
Mahindra & Mahindra Financial Services Ltd. shares rise 3.04% as Sensex climbs
Government eyes $17 billion investment proposals to boost local manufacturing
Trending stocks: InterGlobe Aviation shares jump over 9%
SBI Life Insurance Company Ltd. shares gain 1.94% as Sensex rises
Syngene International soars 5% on Covid-19 test kit deal with HiMedia
Commodity outlook: Base metals fall; here's how others may fare
Trending stocks: Lupin shares rise over 1%
Facebook and Saregama announce licensing deal
Buy Pidilite\, target price Rs 1\,670: ICICI Direct
Are your arbitrage funds in trouble?
Spike in MGNREGS numbers reveals impact of lockdown
Trending stocks: Hindustan Unilever shares down nearly 1%
Unrest in US cities spark concerns among India’s diamond exporters
Share price of Apollo Hospitals Enterprise Ltd. rises as Nifty strengthens
Rupee opens 32 paise up at 75.03 against dollar
UN report vindicates our stand on Pakistan sponsored terror: India
Trending stocks: Dixon Technologies shares gain over 2%
US launch investigations on India’s equalisation levy\, other taxes levied on global digital majors
Petronet LNG Ltd. shares rise 2.27% as Sensex climbs
Bidadi factories open\, but work is far from normal
Trending stocks: Kotak Mahindra Bank shares up nearly 2%
Coronavirus delays monsoon civic work\, but BBMP’s optimistic
ICICI Prudential Life Insurance Company Ltd. shares gain 2.88% as Sensex rises
Trending stocks: HCL Technologies shares flat in early session
Basmati rice consignments worth Rs 1700 crore stuck at Iranian ports
This Jhunjhunwala favourite takes a big Covid hit\, may lose half its sales
Covid 19: This microfinance company is giving tech prop to Tamil Nadu artisans
Coal India to outsource underground operations
Facebook floats new entity to acquire 9.99% stake in Jio
Havells India Ltd. shares gain 2.96% as Sensex rises
Markets unlikely to fall because of US-China tensions: Crossbridge Capital
Trending stocks: GMR Infrastructure shares climb over 3%
Buy Proctor & Gamble Health\, target price Rs 5\,090: ICICI Direct
Share market update: 22 stocks hit 52-week highs on NSE
Service activity contracts again in May\, PMI at 12.6
Indraprastha Gas Ltd. shares gain 3.03% as Sensex rises
Sanjay asked how will he create an atmanirbhar portfolio if he diversifies a lot
Share market update: 1 stock hits 52-week low on NSE
LIC Housing Finance Ltd. shares gain 2.25% as Sensex rises
Insolvency halt gives a rude jolt to boutique IRPs
Share price of Container Corporation of India Ltd. jumps as Sensex gains 376.58 points
Mumbai on edge as cyclone Nisarga likely to make landfall at Alibaug; trains rescheduled
Trending stocks: Adani Enterprises shares jump over 4%
Covid positive rate rises to 5%\, but troubled zones decline
4.3 magnitude earthquake hits India-Bangladesh border
Motherson Sumi Systems Ltd. shares gain 1.96% as Sensex rises
Share market update: Auto shares gain; Apollo Tyres climbs 4%
Share price of Avenue Supermarts Ltd. jumps as Sensex gains 402.53 points
Share market update: Bank shares up; Bandhan Bank jumps 6%
Google axes ‘Remove China Apps’ citing policy violations
Impact of boycott China campaign on consumers uncertain
This market momentum is quite strong\, but there are ifs & buts: Harsha Upadhyaya
Share market update: IT shares mixed; Just Dial up 2%
Mexican zoo saves animals endangered by coronavirus crisis
Australia heading for recession after economy contracts
Aurobindo Pharma Ltd. shares up 1.65% as Nifty gains
Governor opposes Maharashtra move to scrap final year varsity exams
Commodity exports to China could fall by USD 33.1 billion in 2020\, UNCTAD study
Share price of TVS Motor Company Ltd. falls as Sensex gains 454.19 points
Reduce Amber Enterprises\, target price Rs 1\,156: ICICI Direct
Covid-19 plasma therapy safe\, without adverse side effects: Study
A 'vacation' in a pandemic: How this Delhi family spent 65 days locked-down in Goa
UK's Boris Johnson pledges to let in Hong Kong citizens if needed
Crompton Greaves Consumer Electricals Ltd. shares rise 1.33% as Sensex climbs
Share price of Ashok Leyland Ltd. rises as Nifty strengthens
RIL gains as 3 sovereign wealth funds eye stake in Jio Platforms
Pidilite Industries Ltd. shares gain 2.27% as Sensex rises
Share market update: Pharma shares climb; Dr Reddy's Labs gains 2%
PSBs disburse Rs 3\,893 crore loans to MSMEs under Emergency Credit Line Guarantee Scheme
Tata Power Company Ltd. shares gain 1.76% as Sensex rises
Honda sues Hero Electric over e-scooter design
Share market update: Realty shares rise; Godrej Properties climbs 5%
Back at 10\,000 in 46 sessions! Nifty rally is getting a push from all sides
Massive thermal plant fuel leak pollutes Siberian river
A day after Wajid Khan's demise\, his mother Razina Khan tests positive for Covid-19
Nokia\, Voda Idea complete 1st phase of DSR deployment in India
Share price of Marico Ltd. jumps as Sensex gains 413.62 points
US probe into India's digital tax not a move of aggression\, says Indian government source
Share price of Voltas Ltd. jumps as Sensex gains 439.14 points
Share market update: Metal shares shine; Welspun Corp jumps 5%
Coal production and sales at CIL show signs of revival in May
Covid scare triggers rapid health insurance renewals & top-ups
Joe Exotic to hand over zoo ownership to nemesis he tried to kill
Over 50\,000 evacuated in Gujarat\, Daman ahead of cyclone
Sporadic violence flares in latest U.S. protests over Floyd death
Cyclone: Maharashtra Dy CM urges coastal residents to stay indoors
Add United Spirits\, target price Rs 620: ICICI Securities
IT spending in India to fall 8% in 2020 due to COVID\, first fall in 5 years: Gartner
Pakistan reports record 4\,132 COVID-19 cases in single day; infections surges to 80\,463: Health Ministry
ICICI Direct has a buy call on Affle India\, target price Rs 1\,775
Share price of Biocon Ltd. rises as Nifty strengthens
Can govt confirm no Chinese soldier has entered India\, asks Rahul Gandhi
Titan\, Minda & TTK among 10 firms from 10 sectors telling you where Covid hurt them the most
Hindustan Petroleum Corporation Ltd. shares up 2.94% as Nifty gains
West Bengal CM Mamata urges Centre to give Rs 10\,000 each to migrant workers
Vijay Mallya can be extradited anytime\, all legalities done: Govt sources
Share price of Bosch Ltd. jumps as Sensex gains 454.95 points
Storm surge and heavy rainfall due to cyclone Nisarga may cause flooding: IMD
Cyclone Nisarga: Maharashtra CM Uddhav Thackeray shares do's and dont's\, asks people to ignore rumours
Siemens Ltd. shares rise 1.69% as Sensex climbs
Amazon India expands packaging-free shipping to over 100 cities
EPFO updated KYC data for 52.62 lakh subscribers in April\, May
Reduce V-Guard Industries\, target price Rs 170: Yes Securities
Lupin inks distribution pact with 3 firms to commercialise NaMuscla in Europe
Share price of Page Industries Ltd. jumps as Sensex gains 438.74 points
IndiGo\, world's biggest buyer of Airbus A320neo jets\, will continue to add planes to its fleet despite Covid squeeze
Share price of Lupin Ltd. jumps as Sensex gains 414.73 points
Big B celebrates 47th wedding anniversary\, recalls London trip that led to a happily-ever after with Jaya
InterGlobe Aviation shares soar nearly 14%
Ambuja Cements Ltd. shares drop 0.58% as Sensex rises
Rajasthan hikes liquor prices to boost revenue
Microsoft announces program to accelerate growth of agritech startups
US to ship first batch of 100 ventilators donated to India next week: White House
Bharat Forge Ltd. shares up 2.41% as Nifty gains
Retailers avoid discounting to meet social distancing norms
European shares rise on upbeat China data; Renault jumps
Buy KEI Industries\, target price Rs 381: Yes Securities
Lockdown: Mahindra counts loss of 87\,000 vehicles\, 30\,000 tractors in Q1
Cyclone Nisarga moving along predicted path: NDRF DG
Gold prices slump 2% as recovery hopes bolster risk appetite
Uber partners with Bengaluru airport to sanitise cars before every trip
Bharat Heavy Electricals Ltd. shares rise 0.54% as Sensex climbs
Mutual fund investors struggle to make sense of the Sensex
Australia shares end near 3-month high as investors eye recovery
Share price of NMDC Ltd. rises as Nifty strengthens
Nikkei rallies to over 3-month high; weaker yen lifts auto shares
Dollar loses out as hopes of economic recovery spread
China rejects report that it delayed COVID-19 information sharing with WHO
Buy KEI Industries\, target price Rs 411: Anand Rathi
APPSIL to acquire up to 1.05 crore shares for Rs 917 crore under open offer
Palm oil prices edge higher for second day as crude\, soyoil rise
Share market update: FMCG shares trade higher; Britannia gains 5%
Colgate-Palmolive (India) Ltd. shares up 0.38% as Nifty gains
LG Polymers India has absolute liability for gas leak\, says NGT
Gold’s allure to remain ‘feeble’ in India until September
Share market update: PSU bank shares gain; IOB surges 19%
White House softens on sending troops to states
Buy KEC International\, target price Rs 267: Yes Securities
Exide Industries Ltd. shares rise 0.47% as Sensex climbs
How lockdown unlocked the ‘fault lines’
Fresh appeals can be filed via electronic means: SAT
Power Minister R K Singh formally launches real-time power market
Bharti Infratel Ltd. shares drop 1.86% as Sensex rises
Base metals: Nickel\, copper futures rise on spot demand
Crude oil futures rise on spot demand\, global cues
Precious metals: Silver\, gold futures plunge on weak global cues
Govt initiates consultation process for new science\, technology and innovation policy
SAIL employees test Covid positive
Tina Ambani's special anniversary wish for her constants Amitabh-Jaya Bachchan
Crude oil prices fall from $40 as doubts emerge over next step on Opec cuts
Lockdown reading: 'Sapiens' left a lasting impression on Krishna Kumar Karwa
Telecom\, FMCG & pharma are the only three sectors which will show some growth this year: Centrum Broking
Add Dilip Buildcom\, target price Rs 296: Yes Securities
Air Arabia lays off more staff due to COVID-19 impact
Rupee settles 11 paise lower at 75.47 against US dollar
Buy Polycab India\, target price Rs 857: Yes Securities
Some global firms consider moving treasury operations out of Hong Kong: Sources
Plea for renaming India as 'Bharat' to be treated as representation: Supreme Court
Over 1 lakh national IDs of Indians put on dark net for sale: Cyber intelligence firm
Wuhan tests 10 million people\, finds few infections
Govt to conduct skill mapping exercise on India returnees under SWADES initiative
Can I sell my investments in Franklin India Taxshield Fund?
Numaligarh Refinery sees sales drop of 7% in diesel\, 13% in petrol in May
'Brooklyn Nine-Nine' cast\, showrunner donate $100K to National Bail Fund Network
Hardik Pandya breaks his silence on ‘Koffee With Karan’ controversy\, says his family was abused after chat show
NCLAT dismisses plea seeking probe against Ola and Uber on price fixing
Genetic code that may help coronavirus survive identified: Researchers
National Sports Awards: Ministry extends deadline till June 22; allows self-nomination
Companies adopt adaptable organisation models to deal with Covid-19 crisis: Deloitte survey
Don't take admissions in 'unapproved' educational institutions in PoK: Government to J&K\, Ladkah students
COVID-19 fallout: Amara Raja Group announces pay cut to employees
Around 42 crore poor received financial assistance of Rs 53\,248 cr under PMGKP
MNRE cautions against fake websites for PM-KUSUM Scheme
A few SAIL employees test positive for COVID-19: Statement
Situations Vacant: 12\,000 jobs on offer in edtech
MSMEs to be classified based on new criteria from July
Adani Power appoints merchant banker to evaluate delisting proposal
Pact for merger of Embassy Group's realty units with IBREL may be signed before July 15
Hyundai launches end-to-end online car buying platform 'Click to Buy'
Power trade at IEX up 47% in May
Situation at Sino-India border stable\, no need for 'third party' intervention: China
Wheebox Partners with IIT Bhubaneswar to develop technology for conducting online Examination
Karnataka invites Intel to set up chip-making units in state
Collections improving\, demand picking up in rural India: M&M Finance
Deep rooted conspiracy behind killing of IB officer during Delhi riots\, police tells court
Cabinet nod for amendment to Essential Commodities Act\, 2 ordinances to promote barrier-free trade
256 Shramik trains cancelled by states; Maharashtra\, Gujarat\, Karnataka\, UP top defaulters: Railways
With wins in 7 states and DC\, Joe Biden closes in on nomination
EESL\, GAIL sign MoU for trigeneration projects
Realisation for financial creditors from resolution of stressed units may be lower by 40 per cent in FY21: ICRA
Britannia is turning Covid-19 crisis into an opportunity: Varun Berry
Logistics startup Shiprocket elevates CBO Akshay Ghulati as co-founder
Govt eases visa\, travel restrictions; allows certain categories of foreign nationals to come to India
LIC policyholders can submit maturity claim documents online till June 30\, 2020
No major impact in Gujarat after 'Nisarga' makes landfall in Maharashtra
Logistics marketplace Vahak raises seed funding from Leo Capital
F&O: Trend remains positive for Nifty\, but consolidation overdue
Mumbai airport suspends operations till 7 pm as Cyclone Nisarga makes landfall
Only 5% Asia Pacific infrastructure firms highly exposed to COVID-19 disruptions: Moody's
Tech View: After 6-day run\, Nifty shows signs of fatigue; consolidation likely
Employee safety top priority of companies\, finds survey on Covid-19 impact
WEF Davos summit to focus on 'The Great Reset' in 2021; will be open to all online
Moody’s downgrade: Can Modi turn it into a 1991 moment and respond?
SC sends notice to Centre\, Maharashtra govt on plea to rename Bombay High Court
Sensex rallies for 6th day\, jumps 284 pts on firm global cues\, FII buying
India saves Rs 5\,000 crore on filling strategic oil reserves
India Post not to charge any late payment fee for RD holders in May
Market Movers: Banks see fag-end profit taking; 84 stocks overbought
With US colleges staring at 25% drop in foreign students\, lawmakers ask Donald Trump to ease immigration process
IBM\, Persistent Systems collaborate on IBM Cloud Pak deployment and core IT modernization for enterprises
Hacker group 'Anonymous' back in action as protests rage\, accounts claim responsibility for taking Minneapolis police website offline
HUL donates Covid-19 testing kits worth Rs 13 crore
Getting back in action: Gupta Traders MD wants to make employees feel safe at work\, shares post-lockdown plan for reopening office
No buyer's remorse\, increased bank balance\, more control: The many perks of cutting back on spending in a post-Covid world
Have a hot cuppa! London's red telephone boxes converted into coffee stalls\, owners hope visitors will come as restrictions ease
The show must pause: Britney Spears\, Rihanna\, Alicia Keys join #BlackOutTuesday movement\, take a stand against racism
GVK Group cuts salaries up to 30 per cent from May amid coronavirus pandemic
Uday Kotak takes over as CII president
Gear makers want government to address cost disadvantages vis-a-vis overseas markets to push local production
Independent brand valuation consultancy Brand Finance rates Taj as India's strongest brand
RIL has the potential of giving 35% returns in next one year: Sushil Choksey
15% margin is not going to be 20% in a hurry: Britannia MD
US's Flex calls on India to review FTAs to stop bypass of import duties
BSE\, NSE ready to access carry out operations from DR site amid cyclone threat
IdeateLabs elevates Porus Jose to CCO\, strengthens creative leadership with two new appointments
8 dead\, 50 injured as boiler blast in Gujarat causes fire in factory
Lockdown\, Day 71: Mixed messages ahead
SAT to remain closed till June 12
Delhi government sets up panel for overall preparedness of hospitals to battle COVID-19
Kolkata dancing duo\, with fancy footwork\, salsa their way into ‘America’s Got Talent’\, sets social media on fire
5paisa.com announces hikes\, advance bonuses for employees
JK administration revokes PSA against Shah Faesal and two PDP leaders
24x7 Customs clearance at all sea ports\, airports till June
Airlines cut fares to help boost May traffic: IATA
Dow Jones gains on Boeing\, recovery hopes
Resolution through bankruptcy courts to contract by 30-40 per cent: Report
Saudi\, Russia reach deal on oil cuts\, raising pressure for compliance
India has the potential of leading growth in a post-Covid world: Pankaj Murarka
Trai scraps rule that mandated 100 SMSes at discounted rates
JSPL monthly sales up 28% YoY
Rahul Gandhi's interactions on COVID-19: Congress releases teaser of discussion with industrialist Rajiv Bajaj
Reliance completes $7 billion rights as Jio deals spur frenzy
India demands immediate access for its experts to restore Buddhist structures in Gilgit-Baltistan
Trump administration set to bar Chinese passenger carriers from flying to US: Sources
After over two months\, Haryana resumes inter-state bus service
Is it high time to allow locals buy dollar bonds?
Opec+ cheats get ultimatum that puts cuts extension in doubt
Authorities in Tripura have a tough time disposing bodies of COVID-19 victims
Companies with loan recast seek moratorium from banks
Should you bet on domestic themes or pick stocks in sync with global recovery? Dipan Mehta explains
No rush to bring techies back to campuses\, say IT companies
Salons and private Covid-19 testing labs in Chennai to collect customer data as Tamil Nadu touches 25\,872 cases
Ham radio enthusiast from Ahmedabad gets in touch with SpaceX Crew Dragon's astronauts
Sweden should have done more against coronavirus but broad strategy right: Chief epidemiologist
Ahead of Market: 12 things that will decide stock action on Thursday
Commerce minister Piyush Goyal asks developers to sell properties at reduced rates
Gujarat HC stays Franklin Templeton's e-vote on winding up of six schemes
SC asks JP Morgan to apprise it on deposit Rs 140 crore Amrapali home buyers' money
Retailers received 'little support' from banks to tide over COVID crisis: RAI Survey
Cabinet okays ordinance to amend insolvency law; defaults due to COVID out of IBC ambit
Commerce Minister Piyush Goyal asks developers to sell properties at reduced rates
Cyclone Nisarga skips Mumbai\, makes landfall at Alibag
Bulk deals: HDFC Mutual Fund sold shares of SH Kelkar
Final decision on customs duty on solar equipment to be announced soon: Government
Indian military contingent expected at Victory Day Parade in Moscow on June 24
Gas flow from OIL well on\, more people evacuated in Assam
Credit card spending falls 51 per cent in April: Survey
Air passenger traffic likely to fall by 45-50% in FY21: ICRA
Airbus jobs on wire as underlying output falls 40%\, say sources
Retail and SME loans to deteriorate now: Moody's
Standard Life to further cut its HDFC Life stake
Companies don't need city gas license to start LNG station\, says regulator
NLC India raises Rs 1\,200 crore by issuing commercial papers
Kerala: Pregnant elephant dies after consuming pineapple stuffed with crackers
Genie Labs to make IIT-Delhi's PCR diagnostic assay kit for Covid-19
Tata Steel to raise Rs 400 crore through NCDs
SoftBank launches $100 mn fund investing in 'people of colour'
Recent measures for coal sector to improve efficiency\, promote ease of doing business: Govt
Trade setup: Nifty50’s risk-reward skewed\, don’t chase this up-move
Donald Trump says it's 'common sense' to include Russia in G7
Opec+ technical\, ministerial committee meetings set for mid-June: Sources
Air India to operate 75 outbound passenger flights to US\, Canada from June 9-June 30
RIL’s strategy clearly is to monetise the digital ecosystem: IIFL
Post Covid\, things will pick up where they left off: Abhay Soi\, Chairman\, Max Healthcare
RIL’s Rs 53\,124 crore rights issue oversubscribed 1.59 times
With wins in 7 states and DC\, Biden closes in on nomination
Delhi government reduces 14-day mandatory home quarantine to 7 days for asymptomatic travellers
Kerala: Another elephant suspected to have been killed in similar fashion
Rs 2 lakh crore will be lost if interest is waived off during loan moratorium: RBI tells SC
Adani Power appoints merchant banker for due diligence on delisting plan
Former JKSCB chairman arrested in Rs 223-crore land scam
PNB lowers rates on savings account deposits by 50 bps
Amethi AK-203 factory unlikely to start operations in 2020
View: Ease regulations to make India a drone hub
Medium intensity earthquake of magnitude 3.2 hits Noida
Snapchat stops boosting Trump posts for inciting 'racial violence'
61 held in Assam for chain-pulling to evade quarantine
FRBM framework will need to be updated\, says former CEA Arvind Subramanian
Ola electric mobility goes on hiring spree
Jyotiraditya Scindia's entry will be a big boost for BJP in bypolls: Shivraj Singh Chouhan
