María Patiño\, a moco tendido por culpa de Jorge Javier
Moción\, acción\, reflexión
Y no me atrevo a apostar
Otra foto para el álbum
Si se va a Roma es para escuchar al Papa
Moise Kean y Mbappe ponen líder al París Saint Germain
Firmino y Diogo Jota alivian al Liverpool
Horóscopo de hoy\, domingo 25 de octubre de 2020
El Almería acaba con el invicto Fuenlabrada con triplete de Corpas
El Girona se reencuentra con la victoria
Castilla y León inicia su toque de queda con el Covid más disparado que al arrancar el estado de alarma
Fortaleza empresarial para elevarse sobre las crisis
Antonio Ferrera es el que es
Las empresas más grandes de España han creado 57.000 empleos en plena crisis del Covid
Abertis\, pioneros en la gestión internacional de las infraestructuras viales mediante la tecnología
Pena negra\, pena mora
Pedro Sánchez\, Doctor de la Iglesia
Comprobar el resultado del sorteo de La Primitiva de hoy sabado\, 24 de octubre de 2020
Gabarrón protagoniza en Valladolid el 75 aniversario de Naciones Unidas
Muere tiroteado el padre de Vitaly Petrov
Comprobar el resultado del sorteo de Bonoloto de hoy sabado\, 24 de octubre de 2020
Zidane: \"No estamos para callar bocas\, pero hay que disfrutar\"
Baleares pide entrar en el nuevo decreto de alarma del Gobierno central
Hablan los expertos: «Los colegios no son el problema\, pero las reuniones con familia sí»
Herida una piloto en un accidente en el Rally TT Cuenca
Toque de queda en Valencia en directo: nuevas restricciones y confinamiento nocturno
Toque de queda en Alicante: suspenden la Cabalgata de los Reyes Magos y la fiesta de Fin de Año
Toque de queda en Valencia: restricciones por el coronavirus hasta que entre en vigor el confinamiento nocturno
El Eibar sorprende a un espeso Sevilla
Osasuna pone la guinda a su centenario
El United y el Chelsea se atascan en el debut de Cavani
Lewandowski lidera la goleada del Bayern
Videoprueba del Seat León ST 1.5 TSi 2020
El Dortmund golea al Schalke en el derbi del Ruhr
El Lugo sigue imparable con Nafti
Toque de queda en Valencia: mapa y listado de los 105 municipios libres de coronavirus
Cartagena - Las Palmas en directo
Las imágenes de la gala inaugural de una Seminci marcada por el Covid
15 días para el inicio de la Vendée Globe
«No entiendo el VAR\, solo actúa cuando es en contra del Barça»
Un directivo del Barcelona a Martínez Munuera: «Vete a cagar»
El Consejo de Ministros se reúne mañana a las 10 para decretar el estado de alarma
La impactante foto de Macarena Gómez tras agrandarse la nariz
Busquets: «El penalti ha sido demasiado castigo»
La Fiesta de la Rosa del Azafrán cumple con sus limitadas expectativas
Llegan a Canarias cinco nuevas pateras cargadas con 139 inmigrantes
El «Elusive 2» logró defender su título de 2019 en la Middle Sea Race
Francia expulsa a cinco miembros de una familia bosnia por humillar a su hija adolescente
Atlético Pulpileño\, primer equipo al que le dan por perdido un partido por incumplir el protocolo Covid
Multitudinaria protesta de trabajadores de la planta de Alcoa San Cibrao en Lugo
Coixet une Valladolid y Benidorm en la inauguración de una edición bajo toque de queda
Hidrogeles y niños\, combinación peligrosa: de daños oculares a intoxicaciones
Accidente de una joven de 27 años en el Rally TT Cuenca
El Betis entra en la polémica del penalti en el clásico Barcelona-Madrid
Coixet compara cine y comida a domicilio: \"Pienso que estaba más rico en el restaurante\"
París combate la pandemia con la alegría de un Matisse enamorado del color
Isabel Coixet: «Valladolid me ha dado suerte»
Armengol sigue sin aclarar si estaba en el interior de un bar de Palma más allá del horario permitido
Un facsímil de la editorial burgalesa Siloé\, el regalo de Pedro Sánchez al Papa
La Generalitat prevé tardar casi tres años en recuperar la normalidad asistencial alterada por el Covid
Empate a todo entre Tao y Hindley a falta de la contrarreloj
El Ajax gana 0-13\, mayor victoria en la historia de la Eredivise
Irene Rosales\, mujer de Kiko Rivera\, da positivo en coronavirus
Coixet compara cine y comida a domicilio: \"Pienso que estaba más rico en el restaurante\"
Puig destaca el \"papel crucial\" de los jóvenes: \"Basta ya de irresponsabilidades\"
Lewis Hamilton vuela en Portimao hacia la pole y Sainz partirá séptimo
Climent y Taradin\, lucha sin cuartel en las Formula Kite Spain Series en Formentera
Uribes: “El deporte es seguro y el deporte es necesario\"
Fallece un hombre de 72 años tras caerle encima un árbol en Pozos de Hinojo (Salamanca)
El «Okofen»\, de Javier de la Gándara\, logra mantenerse en el liderato de la Liga de Otoño
Así abrió Valverde el marcador en el clásico
El Gobierno convoca un Consejo de Ministros este domingo para declarar el estado de alarma
Ansu Fati\, goleador más joven en la historia de los clásicos
El vivificante clasicismo de Esperanza d’Ors
El Museo del Ferrocarril de Madrid celebra este sábado el Día del Tren
Wellens\, triunfo del belga errante en Sabiñánigo
Unos 200 armenios cortan la autopista en la frontera hispanofrancesa en protesta por la guerra de Azerbaiyán
Joel Álvarez se consolida en UFC al finalizar con una llave de brazo a Alexander Yakovlev
Una turba de gente saquea un almacén de comida en Nigeria en mitad de las protestas
Los efectos del cambio de hora se notarán más debido al estrés acumulado por la pandemia
Desconcierto ante tan cambiantes medidas restrictivas para combatir el virus.
El Elche aprovecha el desastre del Valencia en el primer tiempo
El Papa advierte a Pedro Sánchez que «las ideologías sectarizan\, las ideologías deconstruyen la patria»
María Adánez pregona\, llena de felicidad\, que está embarazada de ocho semanas
Piden a los profesores de Religión que «no se dejen contagiar por el virus de la mediocridad»
Las últimas noticias de hoy de actualidad y la última hora de deportes del sábado\, 24 de octubre del 2020
Últimas noticias del sábado\, 24 de octubre del 2020 | Descubre toda la actualidad y última hora de sociedad
Últimas noticias del sábado\, 24 de octubre del 2020 | Descubre toda la actualidad y última hora de internacional
Últimas noticias del sábado\, 24 de octubre del 2020 | Descubre toda la actualidad y última hora
Nuevo mural de Franz Campoy en la calle El Carmen de Quintanar
Pedro Sánchez y el papa Francisco se reúnen en el Vaticano
Confinamientos nocturnos para reducir el 30% de los brotes: «A unas copas con 18 personas no vuelvo nunca»
Madrid cierra la vida nocturna pero permite viajar a seis millones de vecinos
Situación preocupante a dos días del clásico
El imperio de Anna Wintour se desmorona: una ruptura y acusaciones de racismo
Las otras tres duras derrotas del Madrid de Zidane en Champions
Vinicius y Asensio\, extremos en el ataque del clásico
Zidane: «Es un partido especial para reivindicar nuestra fortaleza»
Zidane y su plantilla\, todos señalados
Zidane convoca a Ramos y 19 más
Barcelona - Real Madrid\, el clásico en directo
Castilla y León suspende las visitas en sus hospitales públicos
Bajada de sueldos: paz en el Madrid\, guerra en el Barcelona
Koeman condena a Griezmann al banquillo
Saigón
De los 111 decibelios al silencio absoluto
El Camp Nou ya no es inquebrantable
El Barça es una excusa
Un clásico de dos ex equipos
Los tres exámenes de octubre del Real Madrid
Esther Doña\, viuda del marqués de Griñón\, explica su ausencia en el funeral de Fernando Falcó
Jovic se enfrenta a seis meses de cárcel por violar el confinamiento en el estado de alarma
El triunfo del albertismo
Aumenta la venta de estufas exteriores por la pandemia
Fecicam reconoce a «Trazado en femenino en Torrijos» como el Mejor Documental 2020
El consejero de la Presidencia anuncia la creación de una base del GREA en Benahavís
Galicia pulveriza su récord de contagios diarios de Covid con 687 y llega a 6.170 casos activos
Fabianski evita la victoria del City en el minuto 93
Grecia y Turquía acuerdan suspender las maniobras militares intimidatorias
El hallazgo de una respuesta inmunitaria más duradera podría implicar una mayor eficacia de las futuras vacunas
Vecinos de Valladolid consideran necesario el toque de queda en la Comunidad
Las medidas restrictivas en bares y restaurantes según zonas\, provoca un peligroso movimiento de personas
Un Madrid que es una calamidad
«Reina Madre»\, un lujo en el Gran Critérium
La maradoniana jugada de Grealish que pudo ser el gol del año
Armengol \"lamenta mucho\" lo sucedido pero informa de que no contempla dimitir
La Comunidad de Madrid pide al Gobierno que respete las nuevas restricciones al ser \"razonables\"
Canarias abre sus puertas al turismo
Los peligros del gel hidroalcohólico
Comprobar el resultado de la Lotería Nacional de hoy sabado\, 24 de octubre de 2020
La madrugada de este domingo\, a las 03.00 horas volverán a ser las 02.00
Toque de queda en Valencia: cúal es el horario y cuándo empieza
Muere un hombre de 51 años en Torrenueva en el incendio de su vivienda
Toque de queda en Valencia: los datos que esgrime la Generalitat para decretar el confinamiento nocturno
El cambio de imagen de Begoña Gómez en su primera visita al Vaticano
Raúl Fernández logra la pole en Teruel
Maroto pide al Gobierno que deje de buscar culpables y coja el toro por los cuernos
Mónica\, la joven que ha indignado a toda España: «Salgo de fiesta todos los findes y no llevo mascarilla»
Las claves para disfrutar de una Seminci marcada por el toque de queda
Rodríguez Uribes\, increpado en Albacete por aficionados a los toros
El Papa advierte del peligro de las \"ideologías\" y dice que la política no es cuestión de maniobras
El Covid sigue desbocado y suma 2.015 positivos más y otros 28 fallecidos
Suiza negará la terapia intensiva a los ancianos con Covid\, si hay saturación en las UCI
Canarias descubre las tendencias de baño para el 2021
Suiza advierte que no ingresará a ancianos en las UCI si hay saturación por coronavirus
Lastra pide a Casado que \"rompa\" sus acuerdos con VOX en Madrid\, Andalucía y Murcia
Pedro Sánchez se reúne durante cerca de 35 minutos con el Papa
La Covid-19 paraliza el fútbol regional en Asturias
C-LM solicita oficialmente el estado de alarma en España y la CCAA
La esposa de Kim Jong-un que lleva «desaparecida» desde enero
Siveria\, una mirada necesaria a una realidad presente
Lastra pide a Casado que \"rompa definitivamente\" con Vox
Smith firmaría \"con ojos cerrados\" un presupuesto con espíritu de Pactos de la Villa
Maroto pide a Sánchez que coja el \"toro por los cuernos\" y pacte la reforma de Ley Sanitaria
Miles de feministas polacas se manifiestan frente al domicilio de Jaroslaw Kaczynski
Hallan 7.000 focas muertas en las costas de Namibia
Leipzig - Hertha en directo
Los secretos de Bosé\, al descubierto tras el juicio: las pocas personas a las que fiaría el cuidado de su familia
Se jubila Teo Díaz\, gran referente del periodismo deportivo en Castilla-La Mancha
Sánchez se reúne en el Vaticano con el secretario para las Relaciones con los Estados
María Pombo presume de embarazo con su hermana Lucía como futura madrina
Unanimidad en Castilla-La Mancha para pedir a Sánchez el estado de alarma
La parte del cuerpo de Rachel Valdés que Alejandro Sanz se ha tatuado en el brazo
Sánchez regala al Papa el libro de oraciones del obispo Juan Rodríguez de Fonseca\, el gran rival de Colón
La consejera de Empleo se reincorpora el lunes de manera presencial tras dar negativa la PCR
Sánchez convoca un Consejo de Ministros extraordinario para abordar el estado de alarma
Pedro Sánchez se reúne con el papa Francisco en el Vaticano
Mainat contra Dobrowolski\, el culebrón del otoño llega a los juzgados
Guerrilla urbana en Nápoles en protesta por el toque de queda
Los aeropuertos de Castilla y León se quedan sin conexiones diarias con Barcelona ante el recorte de vuelos
El Langui estalla contra TVE tras su visita a Rafa Nadal y Francisca Perelló
La NBA mira a la Navidad para su inicio de temporada
Pedro Sánchez se reúne durante cerca de 35 minutos con el Papa
León pone en marcha un concurso de Tik Tok para concienciar contra la violencia de género
Borat quiere poner a Trump en un aprieto
Corea del Norte dice que el polvo procedente de China puede introducir la COVID en el país
Eduardo Horrach fijará mañana el primer récord de la vuelta a Mallorca en categoría de solitarios
Una mujer oculta la muerte de su tía en Alicante desde 1997 para seguir cobrando la pensión
Objetivo: salvar la campaña de Navidad\, pero no a cualquier precio
Campaña Trucks-bus DGT 2020
Smith teme que prospere una moción de censura en Madrid con la \"deslealtad de Cs\"
Los indultos los carga el diablo
Ocho IMOCA llevaran a bordo el «Liberty Kite Safety» creado por Yves Parlier
Lata Peinada\, un enclave latinoamericano en el centro en Barcelona
'La Niña' deja en Camboya inundaciones que afectan a más de 245.000 personas
La semana más crucial para el PP: «El Pablo Casado del congreso de 2018 ha vuelto por fin»
«Todo era marzo»: 14 escritores se unen en un libro para ayudar a afectados por el coronavirus en Alicante
España\, subcampeón de Europa por Equipos de Optimist
Vox augura superar a PP y Cs pero avisa de que no apoyaría al PSC \"ni harto de vino\"
Helen Lindes vuelve a las pasarelas pisando más fuerte que nunca
Dos hombres extorsionan a otro con secuestrarle y pegarle dos tiros para que pagara un servicio sexual
Las bibliotecas privadas de grandes personalidades del siglo XX
Alessandro Lequio recuerda a su hijo Aless Lequio con una imagen junto a su hija
Caín
El coronavirus\, sin freno en Cataluña con 6.000 nuevos infectados y 48 fallecidos en 24 horas
El espíritu de ABC
De quién fue la culpa
El mapa de Galicia se tiñe de rojo por el Covid: casi 30 concellos en alerta máxima
Anda\, los donuts
La viróloga china\, a Iker Jiménez: «El coronavirus es un arma biológica creada para atacar al ser humano»
Javi Gracia: \"No hemos sido capaces de hacer goles\"
Inditex reubicará a los empleados de las tiendas que cierre en locales situados a menos de 25 kilómetros
Alessandro Lequio recuerda a su hijo Aless Lequio con una imagen junto a su hija
La tensión aumenta en Chile en vísperas del referéndum constitucional
Ryanair lanza una oferta de vuelos de Alemania a Canarias\, tras salir de la lista de destinos de riesgo
Halladas unas actas originales del choque de Unamuno con Millán Astray: «Ciertos profesores morirán»
Instalan miles de banderas blancas en Washington en memoria de los muertos por la COVID-19
Cinco detenidos tras un violento «vuelco» de droga en una vivienda de Moratalaz
«La desidia de nuestros gobernantes»
Cómo nos afecta el cambio de hora a nivel psicológico en tiempos de covid
ERC ganaría en las elecciones autonómicas y podría elegir entre JpC y un tripartito con PSC y comunes
La pandemia de coronavirus supera los 42 millones de contagios
Toque de queda en Valencia: la Generalitat no espera al Gobierno y decretará el confinamiento nocturno hasta el 9 de diciembre
La receta de uno de los pueblos de España libres de coronavirus
Un Gobierno perplejo y reactivo
Esperanza y cautela ante una posible vacuna francesa contra el Covid-19
Toque de queda en Valencia: el Ayuntamiento estudiará si complementa la restricción con medidas adicionales
El Cristo Redentor de Río se ilumina de amarillo y verde por el 80 cumpleaños de Pelé
ARHOE pide que \"no se toque más\" el cambio de hora
Toque de queda en Valencia: los hosteleros cifran en 5\,5 millones las pérdidas por el confinamiento nocturno
Mapa y listado de los nuevos rebrotes de coronavirus en la Comunidad Valenciana
Toque de queda en Valencia: la Generalitat publicará la resolución cuanto antes y prepara medidas adicionales
CETM exige un lugar donde los transportistas \"puedan comer\, descansar y asearse\"
El toque de queda nocturno en la región de Lacio convierte a Roma en una ciudad fantasma
Pedro Sánchez llega puntual al Vaticano para su encuentro con el Papa
Los hogares españoles duplican el consumo de pasta en 2020
Castilla y León comenzará el toque de queda este sábado a partir de las 10 de la noche
El movimiento de Casado obliga a Sánchez a reajustar su estrategia
El Papa recibe a Pedro Sánchez con datos muy recientes sobre los desacuerdos en España
Pedro Sánchez llega al Vaticano para su audiencia con el Papa Francisco
La nueva generación Chávarri: anónimos y con mucho estilo
El «exilio» mediático del clan Chávarri: adiós a la fama
La otra «controversia» (artística) de Valladolid
¿Qué se puede hacer y qué no entre las 22 y las 6 horas con el toque de queda en Castilla y León?
Abascal se aferra al victimismo mientras crece el descontento con su núcleo duro
Pijamas en nochevieja
El Barcelona agrava la crisis europea del Real Madrid
El Estado coloca a una secretaria de Industria con Zapatero como consejera en el nuevo Caixabank
Khachanov enloquece y la toma con la red y el juez de silla
Condenan a un delantero mexicano por homicidio
¿Qué santo se celebra hoy sábado 24 de octubre? Todo lo que debes saber del santoral de hoy
El humillante proceso que convirtió a Greta Garbo en una leyenda de Hollywood
Las últimas noticias de hoy de actualidad y la última hora de deportes del sábado\, 24 de octubre del 2020
Últimas noticias del sábado\, 24 de octubre del 2020 | Descubre toda la actualidad y última hora de sociedad
Últimas noticias del sábado\, 24 de octubre del 2020 | Descubre toda la actualidad y última hora de cultura
Últimas noticias del sábado\, 24 de octubre del 2020 | Descubre toda la actualidad y última hora de internacional
Las últimas noticias de hoy de actualidad y la última hora de España del sábado\, 24 de octubre del 2020
Últimas noticias y última hora de hoy sábado\, 24\, octubre 2020
Diplomacia paralela de la Casa Blanca para lograr que Maduro salga del poder
La desmemoria sobre ETA: «¿Miguel Ángel Blanco? No tengo ni idea de quién es»
El expresidente boliviano Evo Morales deja Argentina rumbo a Venezuela
Maduro espera sorprender al mundo con las armas que fabricará su Consejo Militar Científico
Goma elástica: cómo elegir la que más te conviene y ejercicios con ella
Las claves para preparar la sopa saludable perfecta
Un respiro con Mingote. El idioma español
Monarquía es convivencia en democracia
Vídeo: el trepidante paso del buque Juan Sebastián de Elcano por el estrecho de Magallanes
Sentencia del Juzgado de Primera Instancia 97 de Madrid
La apuesta de Pablo Casado por el centro fagocita a Ciudadanos
Bélgica se convierte en el epicentro de la pandemia
Londres pide un trato especial para sus pasaportes en las fronteras europeas
Malarkey
La Bolsa alemana sí se recupera en «V» y la española sigue con la «L»
Los españoles ya confiamos más en otros consumidores que en los propios fabricantes del producto
Estos son los consejos que te ayudarán a tener éxito en una entrevista de trabajo con mascarilla
Slim insiste en su receta laboral: jornada de tres días y jubilación a los 75
La morosidad encadena ya dos meses de subidas por la crisis del coronavirus
La salida de Soltec a Bolsa\, la primera en dos años\, confirma el empuje de las renovables
La recaída del comercio corrobora que no habrá recuperación en «V»
Las restricciones sin alarma\, al albur de tribunales superiores
Claret y la Corona
Alemania recibe a los primeros pacientes holandeses
Cambio de hora: ¿se adelanta o atrasa el reloj?
José A. López: «Estamos asistiendo a espectáculos impropios de un país con tanta incidencia del virus»
Algunos de los mejores productos gourmet que se elaboran o distribuyen en España
Estones Coster d’en Fornós: fragancia y elegancia en una copa de tinto
El auténtico queso Gruyère es suizo y no tiene agujeros\, gluten ni lactosa
Paseando con Brigitte Bardot en un VéloSolex
El coche de los hermanos Torres: «El modelo que conduces tiene mucho que ver con el momento de tu vida»
Cómo afecta el cambio de hora a la conducción
La policía de Burgos se sube al coche «made in China»
¿Por qué Vázquez Díaz pintó a Rubén Darío vestido de monje?
Descubren cuatro llamas momificadas de hace 500 años que arrojan nuevas pistas sobre los rituales incas
Mona Martínez: «Me parece muy triste que a un actor que lleva toda la vida se le mire los followers»
El otoño se uniforma con el estilo «Kramer contra Kramer»
Bosé\, un apolo en Somosaguas
Enrique Piñeyro presenta «Volar es humano\, aterrizar es divino»\, la fusión perfecta de cine\, teatro y  monólogo
Jesús de Nazaret: En cada hogar\, un Nazaret
